string,fret,min_volume
E,NoFret,151
E,Fret1,156
E,Fret2,156
E,Fret3,156
E,Fret4,159
E,Fret5,161
E,Fret6,161
E,Fret7,163
E,Fret8,164
E,Fret9,167
E,Fret10,170
E,Fret11,173
E,Fret12,173
A,NoFret,88
A,Fret1,91
A,Fret2,92
A,Fret3,94
A,Fret4,96
A,Fret5,97
A,Fret6,99
A,Fret7,101
A,Fret8,103
A,Fret9,105
A,Fret10,107
A,Fret11,109
A,Fret12,109
D,NoFret,133
D,Fret1,136
D,Fret2,138
D,Fret3,141
D,Fret4,142
D,Fret5,145
D,Fret6,147
D,Fret7,149
D,Fret8,152
D,Fret9,155
D,Fret10,158
D,Fret11,161
D,Fret12,161
G,NoFret,60
G,Fret1,77
G,Fret2,80
G,Fret3,81
G,Fret4,82
G,Fret5,83
G,Fret6,84
G,Fret7,87
G,Fret8,88
G,Fret9,89
G,Fret10,90
G,Fret11,93
G,Fret12,96
B,NoFret,160
B,Fret1,165
B,Fret2,166
B,Fret3,168
B,Fret4,170
B,Fret5,170
B,Fret6,170
B,Fret7,171
B,Fret8,174
B,Fret9,175
B,Fret10,177
B,Fret11,180
B,Fret12,180
e,NoFret,80
e,Fret1,83
e,Fret2,85
e,Fret3,87
e,Fret4,88
e,Fret5,89
e,Fret6,91
e,Fret7,94
e,Fret8,95
e,Fret9,98
e,Fret10,99
e,Fret11,102
e,Fret12,104
