string,fret,min_volume_soft_up,min_volume_hard_up,min_volume_soft_down,min_volume_hard_down
E,NoFret,132,133,128,128
E,Fret1,135,136,129,131
E,Fret2,136,137,131,131
E,Fret3,138,139,132,133
E,Fret4,140,141,134,135
E,Fret5,142,142,136,136
E,Fret6,142,143,136,136
E,Fret7,145,145,138,138
E,Fret8,146,147,140,141
E,Fret9,148,149,143,142
E,Fret10,150,150,144,144
E,Fret11,151,152,147,147
E,Fret12,155,155,150,150
A,NoFret,70,71,67,68
A,Fret1,72,73,69,70
A,Fret2,74,75,70,72
A,Fret3,75,77,72,74
A,Fret4,77,78,73,74
A,Fret5,78,79,75,76
A,Fret6,79,81,76,78
A,Fret7,81,83,78,80
A,Fret8,83,85,80,82
A,Fret9,85,86,81,82
A,Fret10,87,89,83,86
A,Fret11,90,91,86,88
A,Fret12,92,93,88,90
D,NoFret,117,120,112,116
D,Fret1,121,124,116,120
D,Fret2,123,126,118,122
D,Fret3,125,129,120,123
D,Fret4,127,130,123,127
D,Fret5,129,132,124,128
D,Fret6,131,133,127,130
D,Fret7,133,135,129,132
D,Fret8,135,138,131,135
D,Fret9,138,140,133,137
D,Fret10,140,143,136,140
D,Fret11,143,146,138,141
D,Fret12,145,149,141,145
G,NoFret,61,76,57,69
G,Fret1,76,80,60,72
G,Fret2,78,81,62,72
G,Fret3,79,81,62,74
G,Fret4,81,82,64,75
G,Fret5,81,84,64,77
G,Fret6,82,85,67,77
G,Fret7,82,88,69,71
G,Fret8,85,88,70,81
G,Fret9,87,89,72,81
G,Fret10,89,91,73,76
G,Fret11,91,93,76,86
G,Fret12,93,93,78,88
B,NoFret,159,160,154,155
B,Fret1,163,166,156,159
B,Fret2,164,167,158,162
B,Fret3,166,170,151,154
B,Fret4,166,169,153,162
B,Fret5,168,169,162,165
B,Fret6,169,171,163,164
B,Fret7,170,172,164,167
B,Fret8,171,174,165,168
B,Fret9,172,177,167,170
B,Fret10,174,179,169,174
B,Fret11,178,182,166,176
B,Fret12,180,183,176,177
e,NoFret,82,86,76,78
e,Fret1,87,89,80,82
e,Fret2,87,90,80,83
e,Fret3,89,92,82,85
e,Fret4,90,94,84,86
e,Fret5,92,95,85,88
e,Fret6,94,97,88,90
e,Fret7,96,99,91,92
e,Fret8,99,100,91,93
e,Fret9,100,103,93,96
e,Fret10,102,106,95,99
e,Fret11,105,107,99,100
e,Fret12,107,110,102,103
e,Fret13,109,112,105,105
e,Fret14,111,115,108,108
e,Fret15,116,118,109,111
e,Fret16,120,120,119,119
e,Fret17,124,125,117,124
e,Fret18,128,127,127,121
